{
  "info": {
    "name": "Role Management API",
    "description": "API for managing roles with CRUD operations",
    "schema": "https://schema.getpostman.com/json/collection/v2.1.0/collection.json"
  },
  "item": [
    {
      "name": "Create Role",
      "request": {
        "method": "POST",
        "header": [
          {
            "key": "Content-Type",
            "value": "application/json"
          }
        ],
        "body": {
          "mode": "raw",
          "raw": "{\n    \"name\": \"Admin\",\n    \"description\": \"Administrator role with full access\"\n}"
        },
        "url": {
          "raw": "http://localhost:8080/roles",
          "host": ["localhost"],
          "port": "8080",
          "path": ["roles"]
        }
      }
    },
    {
      "name": "Get All Roles",
      "request": {
        "method": "GET",
        "url": {
          "raw": "http://localhost:8080/roles",
          "host": ["localhost"],
          "port": "8080",
          "path": ["roles"]
        }
      }
    },
    {
      "name": "Get Role by ID",
      "request": {
        "method": "GET",
        "url": {
          "raw": "http://localhost:8080/roles/:id",
          "host": ["localhost"],
          "port": "8080",
          "path": ["roles", ":id"],
          "variable": [
            {
              "key": "id",
              "value": "123e4567-e89b-12d3-a456-426614174000"
            }
          ]
        }
      }
    },
    {
      "name": "Update Role",
      "request": {
        "method": "PUT",
        "header": [
          {
            "key": "Content-Type",
            "value": "application/json"
          }
        ],
        "body": {
          "mode": "raw",
          "raw": "{\n    \"name\": \"Super Admin\",\n    \"description\": \"Super Administrator role with extended privileges\"\n}"
        },
        "url": {
          "raw": "http://localhost:8080/roles/:id",
          "host": ["localhost"],
          "port": "8080",
          "path": ["roles", ":id"],
          "variable": [
            {
              "key": "id",
              "value": "123e4567-e89b-12d3-a456-426614174000"
            }
          ]
        }
      }
    },
    {
      "name": "Delete Role",
      "request": {
        "method": "DELETE",
        "url": {
          "raw": "http://localhost:8080/roles/:id",
          "host": ["localhost"],
          "port": "8080",
          "path": ["roles", ":id"],
          "variable": [
            {
              "key": "id",
              "value": "123e4567-e89b-12d3-a456-426614174000"
            }
          ]
        }
      }
    }
  ]
}
